策略,状态,e2e P99(ms),吞吐量(/s),L2命中率,L3命中率,繁忙率,背压率,Heap,有效采样
LRU,SUCCESS,254.0,760.0,0.108083,0.999066,0.0,0.0,0.442311,12
LRU-K,SUCCESS,227.5,759.375,0.361767,0.999201,0.011667,0.0,0.198645,12
LFU,SUCCESS,214.5,760.0,0.337523,0.99922,0.0,0.0,0.414888,12
FIFO,SUCCESS,236.5,628.333333,0.103867,0.999016,0.0,0.0,0.33404,12
W-TINYLFU,SUCCESS,268.5,758.983333,0.360851,0.99913,0.013104,0.0,0.386394,12
